City,Cloudiness,Country,Date,Humidity,Lat,Lng,Max Temp,Wind Speed
Lebu,0,CL,1614899642,80,-37.6167,-73.65,60.4,17.52
Kozhva,97,RU,1614899644,94,65.1073,57.0459,2.64,4.5
Punta Arenas,0,CL,1614899443,36,-53.15,-70.9167,60.8,5.75
Ushuaia,40,AR,1614899449,41,-54.8,-68.3,57.2,12.66
Laguna,1,US,1614899646,39,38.421,-121.4238,68.0,5.75
Khatanga,0,RU,1614899647,77,71.9667,102.5,-26.84,11.95
Mogadishu,99,SO,1614899649,84,2.0371,45.3438,77.99,18.59
Longyearbyen,75,SJ,1614899651,66,78.2186,15.6401,3.2,14.97
Qaanaaq,0,GL,1614899652,66,77.484,-69.3632,-22.9,8.5
Kieta,99,PG,1614899653,76,-6.2167,155.6333,81.63,8.08
Rikitea,66,PF,1614899655,76,-23.1203,-134.9692,80.56,5.28
Ribeira Grande,56,PT,1614899656,68,38.5167,-28.7,58.26,7.49
Āzādshahr,64,IR,1614899657,77,34.7909,48.5707,42.55,11.97
Castro,100,BR,1614899659,95,-24.7911,-50.0119,63.99,7.36
Menongue,86,AO,1614899660,90,-14.6585,17.691,62.58,3.06
Bonavista,97,CA,1614899662,80,48.6499,-53.1147,33.01,10.36
Ibicuí,29,BR,1614899666,85,-14.8417,-39.9867,68.76,2.1
Kununurra,24,AU,1614899669,52,-15.7667,128.7333,78.8,5.75
Benton Harbor,1,US,1614899671,59,42.1167,-86.4542,34.0,4.61
Pevek,100,RU,1614899673,92,69.7008,170.3133,-0.08,1.9
Grindavik,75,IS,1614899673,93,63.8424,-22.4338,39.2,6.91
Poum,97,NC,1614899675,75,-20.2333,164.0167,80.33,5.41
Mataura,96,NZ,1614899676,66,-46.1927,168.8643,61.0,8.99
Bathsheba,75,BB,1614899390,69,13.2167,-59.5167,78.8,18.41
Cape Town,0,ZA,1614899532,68,-33.9258,18.4232,66.0,14.97
Hithadhoo,52,MV,1614899678,65,-0.6,73.0833,83.34,8.66
Vaini,75,TO,1614899680,74,-21.2,-175.2,84.2,5.75
Camacha,40,PT,1614899682,94,33.0833,-16.3333,62.6,14.97
Ambon City,20,ID,1614899685,89,-3.6954,128.1814,78.8,3.44
Kirakira,100,SB,1614899687,80,-10.4544,161.9205,79.88,12.24
Bilibino,100,RU,1614899687,84,68.0546,166.4372,-16.8,7.02
Albany,2,US,1614899689,32,42.6001,-73.9662,28.0,8.99
Vysokogornyy,98,RU,1614899690,96,50.1167,139.15,22.08,2.42
Lufilufi,75,WS,1614899693,70,-13.8745,-171.5986,91.4,12.66
Katangli,100,RU,1614899693,93,51.7102,143.2326,0.77,17.81
Hermanus,75,ZA,1614899592,91,-34.4187,19.2345,57.99,8.08
Busselton,94,AU,1614899695,99,-33.65,115.3333,66.99,9.37
Mitchell,1,US,1614899695,44,43.7094,-98.0298,60.8,14.97
Tura,0,IN,1614899697,30,25.5198,90.2201,62.76,4.97
Atuona,1,PF,1614899698,75,-9.8,-139.0333,79.92,13.24
Araouane,85,ML,1614899700,17,18.9048,-3.5265,74.75,11.01
Vila Velha,0,BR,1614899407,78,-20.3297,-40.2925,84.0,14.97
Upernavik,38,GL,1614899535,81,72.7868,-56.1549,-14.13,16.28
Kruisfontein,41,ZA,1614899702,91,-34.0033,24.7314,66.0,1.01
San Quintín,100,MX,1614899702,63,30.4833,-115.95,61.66,12.93
Saint Paul Harbor,1,US,1614899626,55,57.79,-152.4072,35.6,10.36
Hilo,1,US,1614899705,57,19.7297,-155.09,77.0,8.05
Ullapool,96,GB,1614899707,65,57.8987,-5.1604,28.0,3.0
Norman Wells,75,CA,1614899709,72,65.282,-126.8329,3.2,18.41
Pacific Grove,1,US,1614899562,59,36.6177,-121.9166,60.8,10.36
Yangi Marg`ilon,90,UZ,1614899709,81,40.4272,71.7189,44.6,16.11
Sirte,92,LY,1614899711,61,31.2089,16.5887,57.02,19.13
Bluff,88,NZ,1614899711,64,-46.6,168.3333,61.0,8.99
San Jose,20,US,1614899413,42,37.3394,-121.895,70.0,9.22
Atbasar,58,KZ,1614899713,95,51.8,68.3333,11.55,16.93
Kota Bharu,40,MY,1614899715,78,6.1333,102.2386,80.6,6.91
Lüderitz,0,NA,1614899716,59,-26.6481,15.1594,69.84,15.21
Klaksvík,24,FO,1614899718,93,62.2266,-6.589,30.2,1.14
Ormara,0,PK,1614899720,73,25.2088,64.6357,74.68,4.94
Olden,99,NO,1614899722,93,61.8364,6.8064,32.0,2.44
Pauini,90,BR,1614899512,96,-7.7136,-66.9764,75.11,2.91
Leningradskiy,100,RU,1614899722,91,69.3833,178.4167,-0.94,31.38
Saskylakh,91,RU,1614899724,81,71.9167,114.0833,-31.58,7.31
Mehamn,90,NO,1614899728,80,71.0357,27.8492,24.8,26.46
Sørland,40,NO,1614899730,93,67.667,12.6934,24.8,4.61
Jamestown,1,US,1614899731,90,42.097,-79.2353,24.01,11.21
Ariquemes,99,BR,1614899467,97,-9.9133,-63.0408,74.89,1.86
Port Blair,3,IN,1614899733,82,11.6667,92.75,80.06,8.03
Butaritari,92,KI,1614899735,78,3.0707,172.7902,81.82,19.82
Provideniya,0,RU,1614899735,78,64.3833,-173.3,6.8,17.9
Sur,0,OM,1614899737,39,22.5667,59.5289,78.33,5.99
Chui,100,UY,1614899738,91,-33.6971,-53.4616,70.84,7.83
Nouadhibou,0,MR,1614899739,72,20.931,-17.0347,64.4,20.71
Saint-Philippe,0,RE,1614899740,78,-21.3585,55.7679,77.0,6.91
Beringovskiy,68,RU,1614899742,81,63.05,179.3167,-0.04,16.8
Huarmey,55,PE,1614899743,73,-10.0681,-78.1522,75.38,6.87
Husavik,40,IS,1614899744,70,66.0449,-17.3389,39.2,10.36
Diamantino,88,BR,1614899747,90,-14.4086,-56.4461,72.59,5.17
Bredasdorp,30,ZA,1614899749,94,-34.5322,20.0403,60.8,1.14
Mezen',91,RU,1614899750,93,65.8522,44.24,0.99,7.11
Narsaq,75,GL,1614899751,28,60.9167,-46.05,51.8,26.46
Mar del Plata,75,AR,1614899608,88,-38.0023,-57.5575,70.0,11.5
Kavieng,90,PG,1614899752,73,-2.5744,150.7967,84.25,8.84
Codrington,93,AU,1614899754,64,-38.2667,141.9667,57.94,12.03
Taksimo,0,RU,1614899756,68,56.3444,114.8794,-29.04,1.57
Harbatpur,0,IN,1614899758,29,30.45,77.7333,61.88,8.01
Carauari,94,BR,1614899493,94,-4.8828,-66.8958,75.6,2.53
George Town,20,MY,1614899728,88,5.4112,100.3354,78.8,2.3
Shimoda,75,JP,1614899760,87,34.6667,138.95,53.6,9.22
Katherine,39,AU,1614899760,73,-14.4667,132.2667,78.8,5.75
Puerto Ayora,75,EC,1614899557,78,-0.7393,-90.3518,82.4,6.91
Tanete,98,ID,1614899761,85,-3.9443,119.7848,76.95,1.45
Guerrero Negro,87,MX,1614899763,54,27.9769,-114.0611,64.06,16.84
Wanaka,95,NZ,1614899765,76,-44.7,169.15,48.99,10.6
Dongsheng,48,CN,1614899766,84,39.8161,109.9776,30.63,11.16
Gaza,3,PS,1614899768,100,31.5,34.4667,52.0,1.01
Kupang,20,ID,1614899606,100,-10.1667,123.5833,75.2,1.14
Severo-Kuril'sk,89,RU,1614899771,97,50.6789,156.125,31.68,17.9
Sovetskiy,13,RU,1614899771,94,61.3614,63.5842,5.13,3.49
Port Hardy,75,CA,1614899772,93,50.6996,-127.4199,46.4,11.5
Okhotsk,0,RU,1614899773,72,59.3833,143.3,-25.29,16.6
Minbu,39,MM,1614899775,56,20.1833,94.8833,66.45,4.59
Aktobe,75,KZ,1614899776,86,50.2797,57.2072,24.8,31.32
East London,72,ZA,1614899777,81,-33.0153,27.9116,72.19,11.05
Túquerres,95,CO,1614899777,100,1.0923,-77.6209,50.0,4.47
San Patricio,75,US,1614899778,60,28.017,-97.5169,70.0,18.41
Port Elizabeth,40,ZA,1614899536,94,-33.918,25.5701,66.2,6.91
Lahuachaca,50,BO,1614899780,63,-17.3667,-67.6667,52.93,11.54
Isangel,75,VU,1614899782,84,-19.55,169.2667,84.2,11.5
Barrow,90,US,1614899536,68,71.2906,-156.7887,-25.6,17.27
Koulamoutou,72,GA,1614899782,92,-1.1303,12.4736,73.44,2.53
Usinsk,100,RU,1614899785,92,65.9939,57.5281,-4.76,6.64
Koryazhma,54,RU,1614899785,92,61.3143,47.1691,-3.19,4.34
Arrondissement de Douai,71,FR,1614899787,81,50.3333,3.1667,42.01,1.99
San Juan,1,AR,1614899790,26,-31.5375,-68.5364,87.46,5.7
Southbridge,0,US,1614899531,47,42.0751,-72.0334,30.99,4.0
Asău,98,RO,1614899792,32,46.4333,26.4,45.0,5.68
Manokwari,100,ID,1614899794,71,-0.8667,134.0833,81.05,4.99
São Filipe,92,CV,1614899795,75,14.8961,-24.4956,70.41,10.54
Dudinka,98,RU,1614899797,89,69.4058,86.1778,-4.86,10.18
Saint George,1,US,1614899655,31,37.1041,-113.5841,64.0,3.44
Fortuna,48,US,1614899799,41,40.5982,-124.1573,63.0,13.0
Piaçabuçu,2,BR,1614899799,77,-10.4056,-36.4344,78.58,9.44
Bragança,95,BR,1614899800,97,-1.0536,-46.7656,74.25,2.35
Inhambane,2,MZ,1614899800,90,-23.865,35.3833,74.7,4.72
Ajdabiya,6,LY,1614899802,60,30.7554,20.2263,55.26,3.4
Tshikapa,85,CD,1614899805,91,-6.4167,20.8,71.51,2.39
Ust'-Ilimsk,100,RU,1614899806,89,58.0006,102.6619,-4.67,6.2
Hobart,75,AU,1614899700,50,-42.8794,147.3294,55.99,14.97
Airai,46,TL,1614899807,98,-8.9266,125.4092,63.82,0.81
Tjøme,0,NO,1614899808,55,59.1109,10.3933,32.0,4.61
Souillac,20,MU,1614899810,88,-20.5167,57.5167,75.2,5.75
Qaqortoq,75,GL,1614899813,28,60.7167,-46.0333,51.8,26.46
Río Gallegos,0,AR,1614899796,72,-51.6226,-69.2181,57.2,14.97
Nikolskoye,0,RU,1614899814,80,59.7035,30.7861,24.01,13.42
Isla Mujeres,75,MX,1614899815,88,21.2311,-86.731,79.0,3.44
Carnarvon,22,AU,1614899816,100,-24.8667,113.6333,69.8,6.91
Santa Isabel,0,BR,1614899818,78,-23.3156,-46.2214,72.0,6.91
Safford,1,US,1614899820,25,32.834,-109.7076,64.4,20.71
Ban Nahin,20,LA,1614899821,71,18.2418,104.2122,72.1,2.73
Karratha,6,AU,1614899822,60,-20.7377,116.8463,77.45,12.73
Eskişehir,0,TR,1614899694,80,39.7767,30.5206,23.0,1.14
Pinotepa Nacional,0,MX,1614899824,48,16.3167,-98.0167,85.14,8.23
Faanui,100,PF,1614899825,74,-16.4833,-151.75,83.79,13.98
Portland,75,US,1614899379,44,45.5234,-122.6762,60.01,9.22
Avarua,100,CK,1614899827,79,-21.2078,-159.775,84.2,6.91
Natal,20,BR,1614899634,83,-5.795,-35.2094,80.6,13.8
Los Algarrobos,20,PA,1614899829,55,8.5,-82.4333,87.8,8.05
Rotifunk,4,SL,1614899830,88,8.2333,-12.6833,77.41,5.44
Iqaluit,90,CA,1614899831,49,63.7506,-68.5145,21.2,9.22
Katobu,78,ID,1614899833,88,-4.9408,122.5276,77.56,2.08
Biloela,0,AU,1614899834,46,-24.4167,150.5,78.44,9.31
Dossor,0,KZ,1614899836,95,47.5272,52.9811,28.42,16.78
Makkah al Mukarramah,0,SA,1614899837,52,21.4267,39.8261,67.75,7.87
Trairi,76,BR,1614899839,76,-3.2778,-39.2689,80.38,10.36
Mahébourg,20,MU,1614899841,88,-20.4081,57.7,75.2,5.75
Wajima,75,JP,1614899842,71,37.4,136.9,48.2,1.14
Lubango,72,AO,1614899845,74,-14.9172,13.4925,62.96,2.42
Brčko,0,BA,1614899655,69,44.8728,18.8083,42.01,1.14
Bundaberg,1,AU,1614899846,53,-24.85,152.35,82.99,9.22
Yellowknife,90,CA,1614899708,71,62.456,-114.3525,-2.99,17.27
Clyde River,20,CA,1614899848,69,70.4692,-68.5914,-20.2,4.61
Arraial do Cabo,27,BR,1614899850,84,-22.9661,-42.0278,77.97,21.41
Kilindoni,100,TZ,1614899850,73,-7.9139,39.6668,82.78,17.65
Hong Kong,100,HK,1614899851,91,22.2855,114.1577,68.0,12.06
Horta,59,PT,1614899853,69,38.5333,-28.6333,57.06,6.98
Port-Gentil,40,GA,1614899854,89,-0.7193,8.7815,82.4,4.61
Kaitangata,100,NZ,1614899855,52,-46.2817,169.8464,62.01,3.0
Abu Kamal,31,SY,1614899856,77,34.4506,40.9171,53.96,23.6
Haines Junction,100,CA,1614899858,50,60.7522,-137.5108,24.8,3.44
Daru,99,PG,1614899858,80,-9.0763,143.2092,79.88,12.8
Negombo,0,LK,1614899860,88,7.2083,79.8358,75.2,4.61
Lorengau,98,PG,1614899659,76,-2.0226,147.2712,83.57,9.93
Vao,90,NC,1614899863,79,-22.6667,167.4833,77.2,12.06
Pangnirtung,40,CA,1614899864,56,66.1451,-65.7125,10.4,16.11
Matagami,1,CA,1614899865,46,49.7502,-77.6328,1.4,25.32
Lagoa,54,PT,1614899867,67,39.05,-27.9833,57.34,6.49
Ginda,0,IN,1614899868,43,30.6945,78.4932,45.97,8.08
Koutiala,51,ML,1614899870,15,12.3917,-5.4642,84.11,6.46
Mthatha,100,ZA,1614899873,100,-31.5889,28.7844,64.4,2.3
North Bend,90,US,1614899633,67,43.4065,-124.2243,55.4,10.36
Ngunguru,0,NZ,1614899875,64,-35.6167,174.5,69.71,6.89
Iranshahr,0,IR,1614899877,40,27.2025,60.6848,64.44,3.58
Cherskiy,100,RU,1614899879,87,68.75,161.3,-16.82,7.99
Bongandanga,67,CD,1614899880,41,1.5,21.05,77.99,3.06
Tadine,100,NC,1614899880,79,-21.55,167.8833,80.33,12.03
Dakar,0,SN,1614899881,82,14.6937,-17.4441,66.2,11.5
Samarai,100,PG,1614899883,66,-10.6167,150.6667,83.88,9.78
Mastung,0,PK,1614899885,45,29.7994,66.845,50.31,2.21
Tiksi,98,RU,1614899886,87,71.6872,128.8694,-22.72,5.41
Camacupa,94,AO,1614899890,98,-12.0167,17.4833,60.28,3.51
Waingapu,40,ID,1614899892,79,-9.6567,120.2641,78.93,8.03
Torbay,1,CA,1614899895,86,47.6666,-52.7314,30.99,14.97
Kavaratti,0,IN,1614899897,55,10.5669,72.642,82.4,3.44
Kharovsk,77,RU,1614899899,96,59.9642,40.1912,7.99,5.1
Great Yarmouth,75,GB,1614899900,70,52.6083,1.7305,41.0,13.8
Kédougou,0,SN,1614899901,18,12.5579,-12.1743,84.96,0.54
Cidreira,99,BR,1614899901,90,-30.1811,-50.2056,74.07,9.35
Pizhanka,62,RU,1614899902,95,57.4604,48.542,8.94,9.1
Kunya,18,NG,1614899906,30,12.2233,8.5325,68.0,10.87
Valdivia,24,CL,1614899900,39,-39.8142,-73.2459,82.4,5.75
Santa Isabel Rio Negro,100,BR,1614899908,98,-0.4139,-65.0192,73.08,1.99
Namalenga,99,TZ,1614899910,96,-10.95,39.1,70.07,1.59
Muzhi,99,RU,1614899910,94,65.3667,64.6667,4.35,4.56
Caravelas,13,BR,1614899911,81,-17.7125,-39.2481,75.47,4.56
Margate,87,GB,1614899912,62,51.3813,1.3862,41.0,8.01
Sittwe,25,MM,1614899914,92,20.15,92.9,67.96,5.14
Olafsvik,99,IS,1614899916,83,64.8945,-23.7142,41.13,12.59
Cabo San Lucas,75,MX,1614899815,29,22.8909,-109.9124,80.6,3.44
Kapaa,90,US,1614899916,88,22.0752,-159.319,71.01,8.05
Salym,99,RU,1614899918,98,60.0625,71.4789,19.54,4.18
Chapais,90,CA,1614899918,71,49.7834,-74.8492,1.4,12.66
Itarema,90,BR,1614899920,73,-2.9248,-39.9167,80.92,12.57
Eyl,100,SO,1614899922,86,7.9803,49.8164,72.39,10.58
Caruray,20,PH,1614899923,83,10.3094,119.0128,80.6,9.22
Gizo Government Station,86,SB,1614899925,75,-8.103,156.8419,83.73,18.81
Ouésso,3,CG,1614899925,41,1.6136,16.0517,77.56,0.92
Saldanha,0,ZA,1614899926,77,-33.0117,17.9442,60.8,10.36
Berdigestyakh,56,RU,1614899927,83,62.0989,126.6992,-31.79,6.42
Lālganj,9,IN,1614899929,67,25.8667,85.1833,60.8,2.3
Trstenik,0,RS,1614899930,80,43.6169,21.0025,33.8,2.3
Muhos,0,FI,1614899931,73,64.808,25.9931,12.2,10.36
Klenovyy,52,UA,1614899932,90,48.1193,39.4588,34.48,19.46
Birjand,75,IR,1614899933,24,32.8663,59.2211,51.8,11.5
Sioux Lookout,40,CA,1614899934,51,50.1001,-91.917,33.8,3.27
Saint Anthony,40,US,1614899935,42,45.0205,-93.218,46.4,8.05
Belaya Gora,100,RU,1614899938,86,68.5333,146.4167,-14.85,25.52
Dikson,3,RU,1614899939,82,73.5069,80.5464,-29.58,13.27
Tuktoyaktuk,20,CA,1614899942,70,69.4541,-133.0374,-14.8,11.5
Nanortalik,95,GL,1614899943,90,60.1432,-45.2371,35.89,5.95
Mae Sai,40,TH,1614899943,77,20.4335,99.8762,64.4,3.44
Nome,90,US,1614899768,85,64.5011,-165.4064,5.0,31.07
Zhigansk,4,RU,1614899945,82,66.7697,123.3711,-38.31,0.85
Pokhara,0,NP,1614899947,33,28.2333,83.9833,58.51,5.86
Olavarría,42,AR,1614899947,64,-36.8927,-60.3225,75.99,4.0
Gamboula,25,CF,1614899949,31,4.1178,15.1393,70.12,0.29
Bengkulu,75,ID,1614899951,83,-3.8004,102.2655,75.6,4.38
Vanimo,100,PG,1614899952,77,-2.6741,141.3028,80.89,5.41
Russell,1,US,1614899680,26,32.3502,-85.1999,71.6,9.22
Port Alfred,51,ZA,1614899954,92,-33.5906,26.891,68.0,5.01
Hamilton,1,US,1614899675,49,39.1834,-84.5333,45.0,17.27
Yūbari,75,JP,1614899954,87,43.0378,141.9578,41.0,16.11
Ponce,8,PR,1614899840,76,18.073,-66.6185,78.01,4.0
La Ronge,94,CA,1614899956,65,55.1001,-105.2842,37.4,5.75
Batemans Bay,1,AU,1614899958,53,-35.7167,150.1833,64.99,5.99
Karasjok,75,NO,1614899959,86,69.4719,25.5112,21.2,4.61
Antofagasta,20,CL,1614899764,73,-23.65,-70.4,69.8,10.36
Gravenhurst,1,CA,1614899706,38,44.9168,-79.3663,16.0,13.8
Teguise,40,ES,1614899960,72,29.0605,-13.564,64.4,2.3
Tabas,94,IR,1614899962,28,33.5959,56.9244,61.61,3.24
Hibbing,1,US,1614899684,45,47.4272,-92.9377,39.2,4.61
Jardim,98,BR,1614899963,88,-21.4803,-56.1381,74.26,4.74
Mount Isa,9,AU,1614899964,13,-20.7333,139.5,82.4,8.05
Nabire,100,ID,1614899966,85,-3.3667,135.4833,77.97,2.8
Penzance,90,GB,1614899968,93,50.1186,-5.5371,44.6,13.8
Chara,0,RU,1614899969,63,56.9064,118.2631,-30.32,1.54
Idar,75,DE,1614899971,93,49.7167,7.3,37.0,10.36
Yerbogachën,100,RU,1614899971,87,61.2767,108.0108,-16.04,8.75
Buala,100,SB,1614899973,81,-8.145,159.5921,80.17,8.3
Bambous Virieux,20,MU,1614899974,88,-20.3428,57.7575,75.2,5.75
Konde,100,TZ,1614899976,78,-4.95,39.75,80.62,11.79
Hasaki,75,JP,1614899977,82,35.7333,140.8333,51.8,2.3
Chancay,20,PE,1614899977,83,-11.5714,-77.2672,75.0,9.22
Agua Dulce,90,MX,1614899980,78,18.1333,-94.1333,78.8,14.97
Pedersore,0,FI,1614899981,92,63.65,22.6833,21.0,2.3
Tinos,0,GR,1614899985,76,37.5375,25.1634,55.0,3.44
Waipawa,5,NZ,1614899987,49,-41.4122,175.5153,68.0,23.02
Egvekinot,100,RU,1614899988,96,66.3167,-179.1667,2.08,12.35
Zamora,41,EC,1614899990,63,-4.0692,-78.9567,74.48,1.54
Lanzhou,99,CN,1614899992,43,36.0564,103.7922,33.01,2.19
Touros,20,BR,1614899993,89,-5.1989,-35.4608,78.8,5.75
Kaduqli,0,SD,1614899994,17,11.0167,29.7167,75.67,15.01
Vardø,40,NO,1614899996,79,70.3705,31.1107,23.0,16.11
Katsuura,75,JP,1614899999,76,35.1333,140.3,52.0,6.91
Amapá,78,BR,1614900000,97,1.0,-52.0,73.53,2.91
Mayo,1,US,1614900003,42,38.8876,-76.5119,45.0,20.71
Tasiilaq,90,GL,1614900007,93,65.6145,-37.6368,33.8,4.21
Nkhotakota,99,MW,1614900009,85,-12.9274,34.2961,73.9,4.7
Thompson,75,CA,1614900011,59,55.7435,-97.8558,30.2,8.05
Bouaké,73,CI,1614900015,65,7.6895,-5.0218,81.91,9.48
Chokurdakh,100,RU,1614900015,90,70.6333,147.9167,-9.71,22.53
Baymak,98,RU,1614900019,96,52.5933,58.3225,26.22,26.04
Moreira Sales,91,BR,1614899825,96,-24.0622,-53.0069,70.79,7.0
Yar-Sale,98,RU,1614900021,95,66.8333,70.8333,5.72,6.58
Languyan,25,PH,1614900021,81,5.2618,120.0807,79.79,10.36
Guozhen,100,CN,1614900022,49,34.3659,107.359,49.89,3.02
Micheweni,100,TZ,1614900024,77,-4.9667,39.8333,81.18,13.04
Kamenka,80,RU,1614900025,89,51.3223,42.7678,37.99,13.22
Santa Cruz,38,MA,1614899998,100,30.4202,-9.5982,59.0,8.05
Coquimbo,90,CL,1614900025,82,-29.9533,-71.3436,62.6,6.91
Zhangye,94,CN,1614900026,81,38.9342,100.4517,32.31,5.12
Esperance,40,AU,1614900026,94,-33.8667,121.9,66.2,5.75
Biltine,15,TD,1614900031,20,14.5333,20.9167,71.73,20.02
Wanning,24,CN,1614900033,93,18.8003,110.3967,70.84,3.22
Dublin,1,US,1614899881,32,37.7021,-121.9358,66.99,3.44
Auki,100,SB,1614900034,84,-8.7676,160.7034,78.12,6.26
Konëvo,95,RU,1614900036,94,62.1215,39.3192,5.59,3.4
San Ignacio,20,BZ,1614900036,43,17.1561,-89.0714,91.4,6.91
Pangai,75,TO,1614900037,84,-19.8,-174.35,84.2,3.44
Port Hedland,0,AU,1614900038,73,-20.3167,118.5667,75.2,9.22
New Norfolk,45,AU,1614900039,59,-42.7826,147.0587,57.0,1.99
Odesskoye,100,RU,1614900041,96,54.2111,72.9651,20.7,18.92
Acapulco de Juárez,20,MX,1614900043,61,16.8634,-99.8901,84.2,6.91
Yumen,81,CN,1614900044,82,40.2833,97.2,29.19,8.39
Chingirlau,96,KZ,1614900048,94,51.095,54.0814,26.62,22.73
Faya,20,SA,1614900049,88,18.3851,42.4509,59.0,8.05
Babu,94,CN,1614900052,88,24.4167,111.5167,62.04,2.68
Genhe,0,CN,1614900052,83,50.7833,121.5167,-23.49,3.36
Xining,97,CN,1614900054,72,36.6167,101.7667,28.38,0.76
Pavlodar,90,KZ,1614900055,93,52.3,76.95,28.4,20.13
Tarauacá,100,BR,1614900057,94,-8.1614,-70.7656,75.43,2.04
Vallenar,0,CL,1614900057,53,-28.5708,-70.7581,74.55,5.7
Saint-Pierre,0,RE,1614900058,78,-21.3393,55.4781,77.0,6.91
Del Rio,1,US,1614900059,36,29.3627,-100.8968,80.6,16.11
Tokmak,23,UA,1614900060,87,47.2514,35.7058,38.1,13.69
Kahului,40,US,1614900062,47,20.8947,-156.47,78.8,20.71
Coyhaique,0,CL,1614900063,43,-45.5752,-72.0662,71.6,9.22
Geraldton,0,AU,1614900065,94,-28.7667,114.6,66.2,9.22
Yaan,2,NG,1614900066,16,7.3833,8.5667,81.16,3.24
Kutum,34,SD,1614900069,35,14.2,24.6667,55.8,10.92
Sechura,13,PE,1614900069,61,-5.5569,-80.8222,80.11,14.61
Vestmanna,8,FO,1614900070,93,62.1564,-7.1664,30.2,1.14
Pisco,0,PE,1614900071,73,-13.7,-76.2167,77.0,16.11
Ternate,100,ID,1614900073,77,0.8,127.4,80.65,6.69
Ikongo,99,MG,1614900074,90,-21.8833,47.4333,71.28,2.8
Campos Belos,89,BR,1614900076,76,-13.0367,-46.7717,72.41,0.43
Fare,97,PF,1614900077,81,-16.7,-151.0167,80.53,9.6
Ormond Beach,1,US,1614900078,51,29.2858,-81.0559,63.0,8.05
Turukhansk,98,RU,1614900079,90,65.8167,87.9833,0.37,17.25
Ouricuri,85,BR,1614900081,64,-7.8825,-40.0817,76.53,3.06
Upata,37,VE,1614900081,89,8.0086,-62.3989,78.01,4.0
Seoul,0,KR,1614899964,100,37.5683,126.9778,33.8,3.44
Kiryat Gat,5,IL,1614900082,100,31.61,34.7642,52.0,1.01
Naze,40,JP,1614900082,59,28.3667,129.4833,66.2,10.36
Paamiut,96,GL,1614900084,64,61.994,-49.6678,41.59,14.38
Barra do Garças,75,BR,1614900086,83,-15.89,-52.2567,78.8,2.13
Flinders,1,AU,1614900088,69,-34.5833,150.8552,73.0,8.01
Barcelos,75,PT,1614900089,87,41.5388,-8.6151,54.0,8.05
Honningsvåg,90,NO,1614900091,80,70.9821,25.9704,24.8,26.46
Muroto-misakicho,75,JP,1614900092,94,33.2833,134.15,53.6,5.75
Byron Bay,0,AU,1614900063,64,-28.65,153.6167,75.2,6.91
Bubaque,6,GW,1614900093,66,11.2833,-15.8333,77.79,14.07
Birao,4,CF,1614900094,16,10.2849,22.7882,79.86,14.2
Hambantota,11,LK,1614900095,80,6.1241,81.1185,73.31,9.48
Roald,75,NO,1614900099,93,62.5833,6.1333,32.0,10.36
Fairbanks,1,US,1614900003,72,64.8378,-147.7164,10.99,3.44
Bam,0,IR,1614900101,30,29.106,58.357,63.32,2.62
Teya,100,RU,1614900103,94,60.3778,92.6267,13.77,4.88
Puqi,100,CN,1614900104,94,29.7167,113.8833,53.56,3.91
Presidente Epitácio,100,BR,1614900106,91,-21.7633,-52.1156,74.05,4.45
Abay,90,KZ,1614900108,86,49.6311,72.8539,24.8,24.61
Sinnamary,24,GF,1614900109,86,5.3833,-52.95,77.76,12.68
Bandarbeyla,100,SO,1614900111,82,9.4942,50.8122,74.8,10.54
West Plains,1,US,1614900074,21,36.7281,-91.8524,69.8,5.75
Laas,0,IT,1614900112,86,46.6166,10.7002,41.0,2.3
Kochki,100,RU,1614900112,95,54.3358,80.4806,18.73,18.25
Belyy Yar,62,RU,1614900113,85,53.6039,91.3903,5.0,2.24
Changping,38,CN,1614900113,87,40.2186,116.2197,44.01,8.95
Grandview,1,US,1614899994,19,38.8858,-94.533,69.8,11.5
Pascagoula,1,US,1614899873,45,30.3658,-88.5561,64.4,8.05
Ancud,0,CL,1614900116,63,-41.8697,-73.8203,64.4,4.61
Gravdal,40,NO,1614900117,93,68.1214,13.5031,24.8,4.61
Kapchorwa,25,UG,1614900118,64,1.3965,34.4509,62.42,4.59
Mahabalipuram,20,IN,1614900121,83,12.6264,80.1722,73.4,4.45
Fethiye,0,TR,1614900121,81,36.6217,29.1164,44.6,3.44
Mbanza-Ngungu,74,CD,1614900123,98,-5.25,14.8667,68.95,3.94
Talnakh,100,RU,1614900124,89,69.4865,88.3972,-4.7,8.68
Awjilah,20,LY,1614900125,46,29.1081,21.2869,54.48,7.63
Oranjemund,0,NA,1614900126,83,-28.55,16.4333,62.26,11.81
Bereda,66,ES,1614900126,100,43.2686,-7.5406,48.0,5.01
Zaranj,0,AF,1614900127,39,30.9667,61.8833,55.74,17.47
Alice Springs,0,AU,1614900129,11,-23.7,133.8833,78.8,14.97
Goba,61,ET,1614900129,56,7.0167,39.9833,51.06,2.24
Shiyan,96,CN,1614900131,79,32.6475,110.7781,50.36,0.63
Alta,90,NO,1614900132,93,69.9689,23.2717,21.0,8.05
Fort Saint James,99,CA,1614900132,76,54.4333,-124.25,40.23,8.19
Baracoa,79,CU,1614900134,75,20.3467,-74.4958,76.19,4.16
Porto-Novo,40,BJ,1614900135,84,6.4965,2.6036,84.2,16.11
Alofi,75,NU,1614900136,74,-19.0595,-169.9187,84.2,8.05
Tamandaré,1,BR,1614900139,83,-8.7597,-35.1047,78.48,9.48
Buckeye,38,US,1614900140,31,33.3703,-112.5838,73.0,1.99
Nola,0,IT,1614900141,76,40.922,14.5329,46.4,2.3
Adrar,100,MR,1614900142,18,20.5022,-10.0711,71.26,9.84
Mil'kovo,50,RU,1614900142,86,54.7167,158.6167,18.86,15.17
Petropavlovsk-Kamchatskiy,75,RU,1614900144,69,53.0452,158.6483,28.4,2.24
Tabou,52,CI,1614900144,88,4.423,-7.3528,78.87,8.68
Freeport,1,US,1614900146,35,40.6576,-73.5832,35.6,12.66
Helena,1,US,1614900147,32,46.5927,-112.0361,53.6,5.75
Vanavara,100,RU,1614900149,91,60.34,102.2797,-4.29,7.65
Tomatlán,0,MX,1614900150,25,19.9333,-105.25,89.11,10.67
Ankang,97,CN,1614900151,36,32.68,109.0172,52.0,13.0
Ibiá,0,BR,1614900153,61,-19.4783,-46.5389,77.0,3.44
Nishihara,75,JP,1614900157,72,26.1842,127.7558,66.2,11.5
Saint-Augustin,100,CA,1614900158,97,51.226,-58.6502,23.07,18.66
Arman',1,RU,1614900158,77,59.7,150.1667,-15.32,3.6
North Myrtle Beach,1,US,1614900000,27,33.816,-78.68,66.2,4.61
Brae,90,GB,1614900160,64,60.3964,-1.353,35.6,2.3
Rovaniemi,0,FI,1614900161,79,66.5,25.7167,12.2,12.66
Doba,78,TD,1614900163,17,8.65,16.85,79.7,4.23
Yatou,68,CN,1614900164,95,37.15,122.3833,41.07,7.36
Nelson Bay,20,AU,1614900165,50,-32.7167,152.15,75.99,9.22
Ust-Nera,100,RU,1614900165,74,64.5667,143.2,-27.63,5.7
Līsakovsk,91,KZ,1614899943,95,52.5369,62.4936,23.5,24.32
Cayenne,75,GF,1614899991,89,4.9333,-52.3333,79.0,6.91
Krasnosel'kup,96,RU,1614900166,95,65.7,82.4667,8.8,11.97
Medak,38,IN,1614900168,40,18.0333,78.2667,70.0,6.04
Horodnytsya,99,UA,1614900170,88,50.807,27.3168,35.42,5.66
Teonthar,43,IN,1614900171,25,24.9833,81.65,66.04,4.16
Tiznit Province,59,MA,1614900173,78,29.5833,-9.5,54.3,5.88
Ilebo,98,CD,1614900174,82,-4.3167,20.5833,73.74,0.34
Kumul,75,CN,1614900175,73,42.8,93.45,33.3,7.58
Mwinilunga,100,ZM,1614900176,95,-11.7358,24.4293,61.14,2.3
Grand Gaube,79,MU,1614900176,80,-20.0064,57.6608,75.0,1.99
Salalah,0,OM,1614900178,56,17.0151,54.0924,73.4,1.86
Hargeisa,28,SO,1614900180,92,9.56,44.065,60.78,11.54
Namatanai,73,PG,1614900181,72,-3.6667,152.4333,83.41,2.15
Mackay,69,AU,1614900182,69,-21.15,149.2,81.0,14.97
Leh,24,IN,1614900184,75,34.1667,77.5833,7.97,0.67
Marang,40,MY,1614900185,83,5.2056,103.2059,80.6,4.61
Sibiti,72,CG,1614900187,99,-3.6819,13.3499,71.29,1.97
Constitución,1,CL,1614900139,68,-35.3333,-72.4167,65.28,15.14
Kautokeino,83,NO,1614900189,92,69.0125,23.0412,11.68,4.97
Lingao,58,CN,1614900190,89,19.9103,109.6859,70.34,6.44
Aykhal,10,RU,1614899945,74,66.0,111.5,-31.38,7.85
Tilichiki,86,RU,1614900192,81,60.4667,166.1,-17.64,13.78
Kaitong,70,CN,1614900193,82,44.8135,123.15,11.93,16.75
Pandan,17,PH,1614900195,77,14.0453,124.1694,78.8,9.51
Darhan,0,MN,1614900197,86,49.4867,105.9228,0.5,7.2
São João da Barra,100,BR,1614900199,85,-21.6403,-41.0511,77.16,15.5
Dom Pedrito,100,BR,1614900202,95,-30.9828,-54.6731,68.65,6.38
Novikovo,100,RU,1614900203,92,51.1537,37.8879,36.61,11.05
Almaznyy,0,RU,1614900205,81,48.0448,40.045,37.4,22.37
Juchipila,68,MX,1614900206,11,21.4167,-103.1167,90.99,10.54
Kemijärvi,16,FI,1614900207,95,66.7131,27.4306,11.75,6.64
Ponta do Sol,42,PT,1614900207,75,32.6667,-17.1,60.01,1.99
Hede,51,CN,1614900209,88,33.7681,120.2517,43.03,5.66
Pokhvistnevo,100,RU,1614900213,98,53.6524,52.1274,30.58,16.08
Ürümqi,0,CN,1614900214,93,43.801,87.6005,19.4,4.47
Tuatapere,76,NZ,1614900216,64,-46.1333,167.6833,60.01,8.01
Ilulissat,20,GL,1614900216,79,69.2167,-51.1,15.8,1.14
Atasū,98,KZ,1614900217,96,48.6814,71.6433,17.1,15.55
Puerto Madryn,48,AR,1614900207,71,-42.7692,-65.0385,62.67,11.48
Båtsfjord,75,NO,1614900219,74,70.6345,29.7185,26.6,16.11
Talara,24,PE,1614900220,72,-4.5772,-81.2719,78.04,6.67
Nuuk,6,GL,1614900222,56,64.1835,-51.7216,41.0,1.14
Luebo,73,CD,1614900223,92,-5.35,21.4167,71.4,2.86
Porto Walter,100,BR,1614900224,96,-8.2686,-72.7439,75.92,2.35
Carson City,1,US,1614900094,11,39.1638,-119.7674,61.0,6.71
Berlevåg,40,NO,1614900225,80,70.8578,29.0864,26.6,23.02
Puerto El Triunfo,0,SV,1614900226,28,13.2833,-88.55,98.6,7.36
Prachuap Khiri Khan,20,TH,1614900227,83,12.2167,99.75,77.0,2.3
Tyumentsevo,100,RU,1614900227,94,53.3224,81.498,18.21,16.6
Mossamedes,71,AO,1614900228,79,-15.1961,12.1522,75.02,0.54
Belmonte,20,BR,1614900228,65,-15.8631,-38.8828,78.8,9.22
Lompoc,1,US,1614900147,59,34.6391,-120.4579,61.0,14.97
Tecolutla,40,MX,1614900230,53,20.4833,-97.0167,77.0,11.5
Dickinson,1,US,1614900231,36,29.4608,-95.0513,64.99,11.5
Narasannapeta,40,IN,1614900233,84,18.4167,84.05,69.89,4.27
Bethel,1,US,1614900235,32,41.3712,-73.414,33.8,12.66
Ghanzi,22,BW,1614900236,55,-21.5667,21.7833,68.04,2.59
Nara,75,JP,1614899945,82,34.6851,135.8049,53.6,3.44
La Rioja,0,ES,1614900238,100,42.25,-2.5,50.0,2.3
Cervo,75,ES,1614900240,87,43.6702,-7.4101,55.0,13.58
Contamana,27,PE,1614900240,55,-7.3333,-75.0167,84.47,4.05
Islāmnagar,0,IN,1614900241,28,28.3333,78.7167,63.82,5.97
Spas-Demensk,90,RU,1614900241,98,54.4122,34.0226,22.71,5.3
Comodoro Rivadavia,90,AR,1614899983,88,-45.8667,-67.5,59.0,6.91
Kaeo,2,NZ,1614900243,58,-35.1,173.7833,71.58,6.49
Neyshabur,1,IR,1614900244,62,36.2133,58.7958,43.18,3.74
Ryōtsu-minato,75,JP,1614900246,66,38.0833,138.4333,48.2,3.44
Teknāf,10,BD,1614900246,87,20.8624,92.3058,67.55,5.17
Fredericton,90,CA,1614900247,73,45.9454,-66.6656,19.4,9.22
Sitka,75,US,1614899960,65,57.0531,-135.33,42.8,5.75
Lac du Bonnet,50,CA,1614900249,96,50.2536,-96.0612,34.02,3.11
Bambanglipuro,100,ID,1614900250,83,-7.95,110.2833,76.71,3.51
Noumea,0,NC,1614900252,58,-22.2763,166.4572,84.2,3.44
Maniitsoq,91,GL,1614900252,86,65.4167,-52.9,33.12,9.82
Cascais,85,PT,1614900254,89,38.6979,-9.4215,54.0,8.01
Hay River,100,CA,1614900255,78,60.8156,-115.7999,5.0,10.36
Porto Santo,40,PT,1614900257,88,33.072,-16.3415,62.6,17.27
Kandrian,100,PG,1614900258,67,-6.2167,149.55,85.8,16.58
Ha Giang,78,VN,1614900260,83,22.8333,104.9833,64.24,0.49
Gogrial,0,SS,1614900260,17,8.5332,28.1004,77.27,6.4
Yulara,25,AU,1614900263,18,-25.2406,130.9889,80.6,12.66
Muros,97,ES,1614900265,87,42.7762,-9.0603,52.0,4.65
Boende,50,CD,1614900005,60,-0.2167,20.8667,78.19,1.66
Dwārka,0,IN,1614900268,75,22.2394,68.9678,74.59,7.96
Tegul'det,100,RU,1614900270,96,57.3064,88.1667,24.64,11.03
Basseterre,20,KN,1614900272,78,17.2948,-62.7261,78.8,8.05
Three Hills,77,CA,1614900004,70,51.7001,-113.2686,42.8,3.44
Tari,0,NG,1614900274,15,12.4086,4.4914,81.68,12.53
Padang,75,ID,1614900275,94,-0.9492,100.3543,77.0,1.14
Srīvardhan,2,IN,1614900277,46,18.0333,73.0167,76.44,1.9
Cartagena,20,CO,1614900278,74,10.3997,-75.5144,80.6,10.36
Bama,38,NG,1614900279,29,11.5221,13.6856,72.41,7.78
Horki,53,BY,1614900282,97,54.2861,30.9842,21.81,7.67
Tefé,40,BR,1614900283,78,-3.3542,-64.7114,80.6,2.3
Jackson,1,US,1614900226,20,42.4165,-122.8345,66.99,26.46
Cassilândia,77,BR,1614900286,85,-19.1133,-51.7342,73.58,1.1
Campos Novos,100,BR,1614900287,100,-27.4017,-51.225,63.05,2.46
Rosarito,1,MX,1614900288,67,32.3333,-117.0333,64.4,14.97
Kimbe,100,PG,1614900291,83,-5.5502,150.1429,81.57,8.99
Lewisporte,90,CA,1614900292,86,49.2499,-55.0482,26.6,13.8
Oudtshoorn,90,ZA,1614900293,82,-33.5907,22.2014,62.6,3.44
Tevriz,100,RU,1614900294,98,57.509,72.4042,24.31,8.3
Bozhou,65,CN,1614900296,78,33.8772,115.7703,47.26,5.01
Galle,1,LK,1614900298,83,6.0367,80.217,74.62,3.96
Port Lincoln,91,AU,1614900299,78,-34.7333,135.8667,63.07,14.41
Ketchikan,90,US,1614900299,87,55.3422,-131.6461,42.8,8.05
Costineşti,0,RO,1614900301,81,43.95,28.6333,43.0,9.22
Vostok,91,RU,1614900301,98,46.4856,135.8833,30.72,9.1
Rocha,100,UY,1614900026,94,-34.4833,-54.3333,68.88,5.03
Launceston,90,AU,1614900303,41,-41.45,147.1667,61.0,17.27
Şabyā,0,SA,1614900304,83,17.1495,42.6254,78.8,3.44
Hartford,1,US,1614900180,43,41.7668,-72.7662,30.99,4.0
Westport,66,US,1614900200,46,41.1415,-73.3579,34.0,16.02
Otofuke,75,JP,1614900313,93,42.9917,143.2003,19.4,4.61
Caconda,27,AO,1614900314,90,-13.7333,15.0667,59.99,1.79
Halifax,20,CA,1614900314,55,44.6453,-63.5724,32.0,23.02
Kīhei,40,US,1614900316,47,20.785,-156.4656,78.8,20.71
Zhaotong,77,CN,1614900316,81,27.3167,103.7167,38.64,6.62
Kisangani,97,CD,1614900313,51,0.5167,25.2,80.31,1.77
Jalu,20,LY,1614900318,47,29.0331,21.5482,54.05,7.14
Ekhabi,100,RU,1614900319,91,53.5102,142.9671,-6.34,9.46
Esim,6,GH,1614900321,87,4.8699,-2.2405,80.1,10.36
Vangaindrano,89,MG,1614900321,93,-23.35,47.6,74.88,3.69
Kintampo,62,GH,1614900323,47,8.0563,-1.7306,81.09,6.78
Pringsewu,84,ID,1614900324,95,-5.3582,104.9744,72.12,0.45
Centralia,40,US,1614900324,87,46.7162,-122.9543,50.0,5.75
Rome,1,US,1614900324,53,43.2128,-75.4557,23.0,17.27
Bantou,87,CN,1614900325,88,26.2151,117.4893,57.85,1.74
Makakilo City,40,US,1614900326,47,21.3469,-158.0858,80.6,9.22
Whitianga,9,NZ,1614900326,64,-36.8333,175.7,70.21,8.05
Oktyabr'skiy,100,RU,1614900328,96,54.4815,53.471,25.81,9.35
Takaka,0,NZ,1614900329,68,-40.85,172.8,66.0,7.0
Beloha,0,MG,1614900331,94,-25.1667,45.05,72.77,4.25
Yabrūd,12,SY,1614900333,93,33.9674,36.6574,41.0,11.5
Palmer,20,US,1614900334,31,42.1584,-72.3287,30.2,24.16
Taltal,25,CL,1614900335,74,-25.4,-70.4833,68.56,3.98
Ukiah,1,US,1614900336,36,39.1502,-123.2078,63.0,12.66
Acaraú,96,BR,1614900337,76,-2.8856,-40.12,80.49,12.77
Inuvik,23,CA,1614900339,64,68.3499,-133.7218,-7.6,9.22
Zhigalovo,59,RU,1614900341,82,54.8097,105.1578,-19.64,3.2
Ambo,53,PE,1614900343,58,-10.1308,-76.2047,66.69,5.88
Bairiki Village,40,KI,1614900344,70,1.3292,172.9752,84.2,12.66
Shubarkuduk,16,KZ,1614900345,95,49.1447,56.4872,22.17,18.21
Ténenkou,16,ML,1614900079,14,14.4572,-4.9169,82.85,16.6
Nsanje,47,MW,1614900350,95,-16.92,35.262,72.72,1.72
Chicama,75,PE,1614900350,88,-7.8447,-79.1469,73.4,13.8
Arauco,0,CL,1614900352,72,-37.2463,-73.3175,66.2,16.11
Zhurivka,75,UA,1614900353,81,50.5028,31.7849,37.4,11.18
Cabinda,90,AO,1614900355,87,-5.55,12.2,80.46,5.97
Fort Nelson,75,CA,1614900355,67,58.8053,-122.7002,12.2,5.75
Hirara,75,JP,1614900357,88,24.8,125.2833,68.0,9.22
Chernenko,0,RU,1614900360,85,44.365,39.3103,35.01,10.0
